Date,Name,Year,Letterboxd URI
2021-01-14,Star Wars,1977,https://boxd.it/72s
2021-01-14,Life,2017,https://boxd.it/dRqG
2021-01-14,March of the Penguins,2005,https://boxd.it/28lE
2021-01-14,5 Films About Technology,2016,https://boxd.it/fsU6
2021-01-14,Children of Heaven,1997,https://boxd.it/1C5k
2021-01-14,Saving Private Ryan,1998,https://boxd.it/29ro
2021-01-14,Reservoir Dogs,1992,https://boxd.it/2agc
2021-01-14,Pulp Fiction,1994,https://boxd.it/29Pq
2021-01-14,Jumanji,1995,https://boxd.it/1ZLI
2021-01-14,Hook,1991,https://boxd.it/29nQ
2021-01-14,Lost in Africa,2010,https://boxd.it/2dLM
2021-01-14,Raiders of the Lost Ark,1981,https://boxd.it/2bbs
2021-01-14,Indiana Jones and the Last Crusade,1989,https://boxd.it/2baO
2021-01-14,Ice Age,2002,https://boxd.it/2apS
2021-01-14,The Rock,1996,https://boxd.it/1XM0
2021-01-14,Phone Booth,2002,https://boxd.it/285G
2021-01-14,The Gods Must Be Crazy,1980,https://boxd.it/20eq
2021-01-14,Gangs of New York,2002,https://boxd.it/25FG
2021-01-14,Rockstar,2011,https://boxd.it/2Lvo
2021-01-14,Three Fugitives,1989,https://boxd.it/1iIw
2021-01-14,Dudley Do-Right,1999,https://boxd.it/1Ib4
2021-01-14,Legends of the Fall,1994,https://boxd.it/24ho
2021-01-14,DuckTales: The Movie - Treasure of the Lost Lamp,1990,https://boxd.it/1VgQ
2021-01-14,Teletubbies: Big Hug!,2004,https://boxd.it/7OjU
2021-01-14,Toy Story,1995,https://boxd.it/29qA
2021-01-14,Mowgli: Legend of the Jungle,2018,https://boxd.it/el2E
2021-01-14,The Croods,2013,https://boxd.it/FRE
2021-01-14,The General,1926,https://boxd.it/29co
2021-01-14,Lost in Space,1998,https://boxd.it/27ji
2021-01-14,The X Files,1998,https://boxd.it/29ta
2021-01-14,"20,000 Leagues Under the Sea",1954,https://boxd.it/2aXq
2021-01-14,Inception,2010,https://boxd.it/1skk
2021-01-14,The Adventures of Pluto Nash,2002,https://boxd.it/1TdU
2021-01-14,The Hitchhiker's Guide to the Galaxy,2005,https://boxd.it/20VE
2021-01-14,Ski The Outer Limits,1969,https://boxd.it/fm4y
2021-01-14,Half the World,1993,https://boxd.it/5o9U
2021-01-14,Black Mirror: Nosedive,2016,https://boxd.it/hK9G
2021-01-14,Black Mirror: The National Anthem,2011,https://boxd.it/hQYK
2021-01-14,Black Mirror: The Entire History of You,2011,https://boxd.it/hQZ4
2021-01-14,Black Mirror: The Waldo Moment,2013,https://boxd.it/hRpQ
2021-01-14,Black Mirror: San Junipero,2016,https://boxd.it/h634
2021-01-14,Black Mirror: Shut Up and Dance,2016,https://boxd.it/hRRq
2021-01-14,Black Mirror: Hated in the Nation,2016,https://boxd.it/hSBI
2021-01-14,Black Mirror: Men Against Fire,2016,https://boxd.it/hSBS
2021-01-14,Black Mirror: USS Callister,2017,https://boxd.it/hQXi
2021-01-14,Black Mirror: Hang the DJ,2017,https://boxd.it/hQYA
2021-01-14,Gautamiputra Satakarni,2017,https://boxd.it/fpMy
2021-01-14,Final Fantasy: The Spirits Within,2001,https://boxd.it/27pg
2021-01-14,Highlander,1986,https://boxd.it/20GE
2021-01-14,The Princess Bride,1987,https://boxd.it/26EY
2021-01-14,Harry Potter and the Chamber of Secrets,2002,https://boxd.it/29QI
2021-01-14,Pan's Labyrinth,2006,https://boxd.it/28No
2021-01-14,Reign of Fire,2002,https://boxd.it/21QA
2021-01-14,Pirates of the Caribbean: The Curse of the Black Pearl,2003,https://boxd.it/70G
2021-01-14,Princess Mononoke,1997,https://boxd.it/2b4w
2021-01-14,Moana,2016,https://boxd.it/8tfY
2021-01-14,The Witches,1990,https://boxd.it/1WVg
2021-01-14,The Lost Room,2006,https://boxd.it/4m84
2021-01-14,Nausicaä of the Valley of the Wind,1984,https://boxd.it/2bc6
2021-01-14,Spirited Away,2001,https://boxd.it/2b4m
2021-01-14,My Neighbor Totoro,1988,https://boxd.it/20eA
2021-01-14,Kiki's Delivery Service,2014,https://boxd.it/7oqg
2021-01-14,Jonathan Strange & Mr Norrell,2015,https://boxd.it/bp7M
2021-01-14,Return Of Hanuman,2007,https://boxd.it/3TUe
2021-01-14,Magadheera,2009,https://boxd.it/1yMa
2021-01-14,Damarukam,2012,https://boxd.it/4CPI
2021-01-14,Bāhubali 2: The Conclusion,2017,https://boxd.it/bMfO
2021-01-14,Thiruvilayadal,1965,https://boxd.it/70D6
2021-01-14,Evil Dead,2013,https://boxd.it/3GPq
2021-01-14,Ghosts of Mars,2001,https://boxd.it/1Xik
2021-01-14,Jaws,1975,https://boxd.it/2a5e
2021-01-14,Children of the Corn,1984,https://boxd.it/1ViW
2021-01-14,Wolf,1994,https://boxd.it/1Wn4
2021-01-14,Sunshine,2007,https://boxd.it/28Xy
2021-01-14,The Walking Dead,1936,https://boxd.it/1svs
2021-01-14,Back to the Future,1985,https://boxd.it/2b8e
2021-01-14,Bill & Ted's Excellent Adventure,1989,https://boxd.it/28oI
2021-01-14,Paycheck,2003,https://boxd.it/1YdA
2021-01-14,Twelve Monkeys,1995,https://boxd.it/2beQ
2021-01-14,Time Bandits,1981,https://boxd.it/19KI
2021-01-14,Edge of Tomorrow,2014,https://boxd.it/4pD0
2021-01-14,Murder on the Orient Express,2017,https://boxd.it/dHjA
2021-01-14,The Family Man,2000,https://boxd.it/22e8
2021-01-14,A Murder of Crows,1998,https://boxd.it/1IUI
2021-01-14,Sherlock: Case of Evil,2002,https://boxd.it/MU6
2021-01-14,Sherlock Holmes,2010,https://boxd.it/1fgE
2021-01-14,Sherlock Holmes: A Game of Shadows,2011,https://boxd.it/k3S
2021-01-14,RangiTaranga,2015,https://boxd.it/bWZC
2021-01-14,Mr. Holmes,2015,https://boxd.it/8EBw
2021-01-14,Murder on the Orient Express,1974,https://boxd.it/24IY
2021-01-14,Kindergarten Cop,1990,https://boxd.it/29dm
2021-01-14,Phantom 2040: The Ghost Who Walks,1994,https://boxd.it/3yiS
2021-01-14,The Dark Knight Rises,2012,https://boxd.it/H3m
2021-01-14,Witchblade,2000,https://boxd.it/5n8G
2021-01-14,Se7en,1995,https://boxd.it/29zs
2021-01-14,Hackers,1995,https://boxd.it/1WhU
2021-01-14,Tsubaki Sanjûrô,2007,https://boxd.it/8Zc8
2021-01-14,The Hidden Fortress,1958,https://boxd.it/295M
2021-01-14,Amélie,2001,https://boxd.it/2aUc
2021-01-14,Face/Off,1997,https://boxd.it/29I0
2021-01-14,Ocean's Twelve,2004,https://boxd.it/2aZ2
2021-01-14,Rajkumar,1996,https://boxd.it/d3qG
2021-01-14,The Silence of the Lambs,1991,https://boxd.it/2aHW
2021-01-14,The Talented Mr. Ripley,1999,https://boxd.it/2924
2021-01-14,Ripley's Game,2002,https://boxd.it/1UZg
2021-01-14,Doctor Who,1996,https://boxd.it/1LJ4
2021-01-14,Samurai Jack: The Premiere Movie,2001,https://boxd.it/KQQ
2021-01-14,Batman,1989,https://boxd.it/2aIU
2021-01-14,Spider-Man,2002,https://boxd.it/2a8i
2021-01-14,The Amazing Spider-Man,2012,https://boxd.it/27PI
2021-01-14,The League of Extraordinary Gentlemen,2003,https://boxd.it/1ZVy
2021-01-14,The Phantom,1996,https://boxd.it/1XIs
2021-01-14,The Mask of Zorro,1998,https://boxd.it/1YVi
2021-01-14,True Lies,1994,https://boxd.it/19pq
2021-01-14,No Way Out,1987,https://boxd.it/1X8k
2021-01-14,Blade,1998,https://boxd.it/1a8A
2021-01-14,The Last Stand,2013,https://boxd.it/2Eao
2021-01-14,Underworld,2003,https://boxd.it/2aHs
2021-01-14,Under Siege,1992,https://boxd.it/1ZLy
2021-01-14,Fire Down Below,1997,https://boxd.it/1Ong
2021-01-14,On Deadly Ground,1994,https://boxd.it/1YcW
2021-01-14,Under Siege 2: Dark Territory,1995,https://boxd.it/25jg
2021-01-14,Exit Wounds,2001,https://boxd.it/1Vao
2021-01-14,Showdown in Little Tokyo,1991,https://boxd.it/1QHW
2021-01-14,Commando,1985,https://boxd.it/1UTs
2021-01-14,End of Days,1999,https://boxd.it/1XsO
2021-01-14,Conan the Barbarian,2011,https://boxd.it/18lW
2021-01-14,Kull the Conqueror,1997,https://boxd.it/1I0A
2021-01-14,Collateral Damage,2002,https://boxd.it/1XCa
2021-01-14,First Blood,1982,https://boxd.it/28U0
2021-01-14,Rocky,1976,https://boxd.it/28Uk
2021-01-14,Hard Target,1993,https://boxd.it/27Ck
2021-01-14,The Mummy,1999,https://boxd.it/2a7a
2021-01-14,Operation Scorpio,1992,https://boxd.it/1Gck
2021-01-14,The Rundown,2003,https://boxd.it/1WWo
2021-01-14,Clear and Present Danger,1994,https://boxd.it/1YX4
2021-01-14,Dragons: Gift of the Night Fury,2011,https://boxd.it/3d2O
2021-01-14,Vertical Limit,2000,https://boxd.it/1Tga
2021-01-14,John Wick,2014,https://boxd.it/7dEc
2021-01-14,The Mask,1994,https://boxd.it/29rS
2021-01-14,Baby,2017,https://boxd.it/nKIy
2021-01-14,The Hunger Games,2012,https://boxd.it/2uds
2021-01-14,Thor,2011,https://boxd.it/1WQU
2021-01-14,Thor: The Dark World,2013,https://boxd.it/2DqA
2021-01-14,Thor: Ragnarok,2017,https://boxd.it/8MHi
2021-01-14,Immortal,2006,https://boxd.it/4ZsC
2021-01-14,The Fast and the Furious,2001,https://boxd.it/1XMu
2021-01-14,2 Fast 2 Furious,2003,https://boxd.it/2a4g
2021-01-14,Gone in Sixty Seconds,2000,https://boxd.it/1Y4y
2021-01-14,Mad Max,1979,https://boxd.it/1Y7i
2021-01-14,Mad Max 2,1981,https://boxd.it/1ZPg
2021-01-14,Shocking Dark,1989,https://boxd.it/7DS
2021-01-14,Tremors,1990,https://boxd.it/1YSe
2021-01-14,Predator,1987,https://boxd.it/2b84
2021-01-14,Predator 2,1990,https://boxd.it/2aY4
2021-01-14,Predators,2010,https://boxd.it/1d9m
2021-01-14,Pitch Black,2000,https://boxd.it/26iS
2021-01-14,The Chronicles of Riddick,2004,https://boxd.it/26iy
2021-01-14,Riddick,2013,https://boxd.it/35Jq
2021-01-14,Mad Max Beyond Thunderdome,1985,https://boxd.it/1YTm
2021-01-14,Transformers: Dark of the Moon,2011,https://boxd.it/16aC
2021-01-14,The Quest for Fire Adventure,1982,https://boxd.it/cLOU
2021-01-14,Interstellar,2014,https://boxd.it/4VZ8
2021-01-14,Looper,2012,https://boxd.it/ham
2021-01-14,Lethal Weapon,1987,https://boxd.it/29e0
2021-01-14,Skyfall,2012,https://boxd.it/17Fc
2021-01-14,GoldenEye,1995,https://boxd.it/29KU
2021-01-14,From Russia with Love,1963,https://boxd.it/29T8
2021-01-14,The World Is Not Enough,1999,https://boxd.it/1a94
2021-01-14,Tomorrow Never Dies,1997,https://boxd.it/29Kg
2021-01-14,Octopussy,1983,https://boxd.it/29Mw
2021-01-14,Dr. No,1962,https://boxd.it/29UU
2021-01-14,xXx,2002,https://boxd.it/20VY
2021-01-14,Ronin,1998,https://boxd.it/20wa
2021-01-14,Transporter 2,2005,https://boxd.it/1YWq
2021-01-14,The Empire Strikes Back,1980,https://boxd.it/27Vw
2021-01-14,Star Wars: The Force Awakens,2015,https://boxd.it/4vru
2021-01-14,Star Wars: The Last Jedi,2017,https://boxd.it/5xme
2021-01-14,Star Wars: Clone Wars,2003,https://boxd.it/trOO
2021-01-14,Black Rain,1989,https://boxd.it/24NY
2021-01-14,The Hunted,2003,https://boxd.it/1VM8
2021-01-14,Kill Bill: Vol. 1,2003,https://boxd.it/70w
2021-01-14,"Crouching Tiger, Hidden Dragon",2000,https://boxd.it/2b1M
2021-01-14,Enter the Dragon,1973,https://boxd.it/1YCA
2021-01-14,The Way of the Dragon,1972,https://boxd.it/1YCq
2021-01-14,Yojimbo,1961,https://boxd.it/1SRY
2021-01-14,Zatoichi,1989,https://boxd.it/11gU
2021-01-14,Zatoichi,2003,https://boxd.it/2aMs
2021-01-14,SAGA - Curse of the Shadow,2013,https://boxd.it/5YWI
2021-01-14,The 36th Chamber of Shaolin,1978,https://boxd.it/1SXC
2021-01-14,My Name Is Nobody,1973,https://boxd.it/1YAE
2021-01-14,Red Sun,1970,https://boxd.it/20fS
2021-01-14,Mackenna's Gold,1969,https://boxd.it/1Hy2
2021-01-14,The Quick and the Dead,1995,https://boxd.it/1Sx0
2021-01-14,Desperado,1995,https://boxd.it/20Bk
2021-01-14,Once Upon a Time in the West,1968,https://boxd.it/2az4
2021-01-14,Django,1966,https://boxd.it/1Vr0
2021-01-14,They Call Me Trinity,1970,https://boxd.it/1YNe
2021-01-14,Trinity Is Still My Name,1971,https://boxd.it/1SZo
2021-01-14,The Good the Bad and the Ugly,2007,https://boxd.it/33OS
2021-01-14,A Fistful of Dollars,1964,https://boxd.it/2auo
2021-01-14,For a Few Dollars More,1965,https://boxd.it/29eu
2021-01-14,High Plains Drifter,1973,https://boxd.it/1SOK
2021-01-14,Spirit: Stallion of the Cimarron,2002,https://boxd.it/1Zmo
2021-01-14,Lone Ranger,1968,https://boxd.it/spKe
2021-01-14,The Hateful Eight,2015,https://boxd.it/8gw8
2021-01-14,Snatch,2000,https://boxd.it/2b7U
2021-01-14,Léon: The Professional,1994,https://boxd.it/2b8S
2021-01-14,Benji the Hunted,1987,https://boxd.it/1C7U
2021-01-14,Thackeray,2019,https://boxd.it/kWRm
2021-01-14,Description of a Struggle,1960,https://boxd.it/6oGw
2021-01-14,Edward Scissorhands,1990,https://boxd.it/2aZc
2021-01-14,Gladiator,2000,https://boxd.it/2b9m
2021-01-14,Ben-Hur,1959,https://boxd.it/29RQ
2021-01-14,Spartacus,1960,https://boxd.it/29bq
2021-01-14,Gandhi,1982,https://boxd.it/29Dk
2021-01-14,The Last Samurai,2003,https://boxd.it/29ZA
2021-01-14,Nemuri Kyōshirō 3: The Man with No Tomorrow,1996,https://boxd.it/gb8m
2021-01-14,Lawrence of Arabia,1962,https://boxd.it/2wRE
2021-01-14,Geronimo,2014,https://boxd.it/8DJ0
2021-01-14,Braveheart,1995,https://boxd.it/2aTI
2021-01-14,And Starring Pancho Villa as Himself,2003,https://boxd.it/1y22
2021-01-14,Patton,1970,https://boxd.it/1UnQ
2021-01-14,MacArthur,1977,https://boxd.it/1k0w
2021-01-14,Samrat Chandragupt,1958,https://boxd.it/9zai
2021-01-14,Rudhramadevi,2015,https://boxd.it/a9Zm
2021-01-14,Bajirao Mastani,2015,https://boxd.it/ck2O
2021-01-14,Manikarnika,2017,https://boxd.it/kkAC
2021-01-14,Lokmanya: Ek Yug Purush,2015,https://boxd.it/aapO
2021-01-14,Lincoln,2012,https://boxd.it/2n2s
2021-01-14,Jobs,2013,https://boxd.it/3RcY
2021-01-14,Heaven and Earth,1994,https://boxd.it/7KFC
2021-01-14,Death of a Tea Master,1989,https://boxd.it/1RWe
2021-01-14,Mankatha,2011,https://boxd.it/2EwE
2021-01-14,Good Will Hunting,1997,https://boxd.it/2ahY
2021-01-14,Finding Forrester,2000,https://boxd.it/29KK
2021-01-14,The Magician,1958,https://boxd.it/1nse
2021-01-14,Tate,,https://boxd.it/kaTa
2021-01-14,Shakespeare in Love,1998,https://boxd.it/27Pe
2021-01-14,School of Rock,2003,https://boxd.it/28xK
2021-01-14,Mozart and Salieri,1962,https://boxd.it/dMXK
2021-01-14,Wayne's World,1992,https://boxd.it/1ZHG
2021-01-14,Pursuit of Happyness,2005,https://boxd.it/7zhO
2021-01-14,Bucket List,2018,https://boxd.it/jeHA
2021-01-14,Anand,1971,https://boxd.it/1uhM
2021-01-14,Ikiru,1952,https://boxd.it/251c
2021-01-14,Wild Strawberries,2012,https://boxd.it/5GQC
2021-01-14,Taxi Driver,1976,https://boxd.it/2b8y
2021-01-14,Holy Man,1998,https://boxd.it/1XZe
2021-01-14,The Prince of Tides,1991,https://boxd.it/1Wwg
2021-01-14,Dersu Uzala,1975,https://boxd.it/1XRO
2021-01-14,Anger Management,2003,https://boxd.it/1YvO
2021-01-14,Pushing Tin,1999,https://boxd.it/1RCo
2021-01-14,Bawarchi,1972,https://boxd.it/g98
2021-01-14,Awakenings,1990,https://boxd.it/1USu
2021-01-14,Up!,1976,https://boxd.it/2wvy
2021-01-14,Enigma,2001,https://boxd.it/1W84
2021-01-14,Raid on Entebbe,1976,https://boxd.it/1iwA
2021-01-14,Platoon,1986,https://boxd.it/29BS
2021-01-14,The Beast,2016,https://boxd.it/ea6A
2021-01-14,Black Hawk Down,2001,https://boxd.it/29rI
2021-01-14,The Alamo,2004,https://boxd.it/1Vwu
2021-01-14,Citizen Cohn,1992,https://boxd.it/2y4a
2021-01-14,Waltz with Bashir,2008,https://boxd.it/1ZFA
2021-01-14,Border,1997,https://boxd.it/1g3w
2021-01-14,The Bridge on the River Kwai,1957,https://boxd.it/29wo
2021-01-14,Tora! Tora! Tora!,1970,https://boxd.it/1UtE
2021-01-14,Windtalkers,2002,https://boxd.it/1SxO
2021-01-14,Silent Night,2012,https://boxd.it/4tnq
2021-01-14,Utøya: July 22,2018,https://boxd.it/i3a4
2021-01-14,The Great Escape,1963,https://boxd.it/22kA
2021-01-14,Enemy at the Gates,2001,https://boxd.it/29s2
2021-01-14,Inglourious Basterds,2009,https://boxd.it/1JzG
2021-01-14,Uri: The Surgical Strike,2019,https://boxd.it/kgWk
2021-01-14,Iron Eagle,1986,https://boxd.it/1UNu
2021-01-14,An Officer and a Gentleman,1982,https://boxd.it/26xS
2021-01-14,No Man's Land,2001,https://boxd.it/20kI
2021-01-14,Small Soldiers,1998,https://boxd.it/1TzQ
2021-01-14,Troy,2004,https://boxd.it/29TW
2021-01-14,The Hunt for Red October,1990,https://boxd.it/28lk
2021-01-14,Kagemusha,1980,https://boxd.it/1SGG
2021-01-14,Seven Samurai,1954,https://boxd.it/2axi
2021-01-14,Samurai I: Musashi Miyamoto,1954,https://boxd.it/1jfg
2021-01-14,Star Trek VI: The Undiscovered Country,1991,https://boxd.it/2aXg
2021-01-14,Star Trek: First Contact,1996,https://boxd.it/2aTo
2021-01-14,Star Trek: Nemesis,2002,https://boxd.it/2aT4
2021-01-14,Star Trek,2009,https://boxd.it/1Q6c
2021-01-14,Star Trek II: The Wrath of Khan,1982,https://boxd.it/2b0u
2021-01-14,Star Trek: Insurrection,1998,https://boxd.it/2aTe
2021-01-14,Independence Day,1996,https://boxd.it/2a1w
2021-01-14,Serenity,2005,https://boxd.it/1Km4
2021-01-14,Changi,2001,https://boxd.it/kWd2
2021-01-14,Empire of the Sun,1987,https://boxd.it/1X4i
2021-01-14,The Pianist,2002,https://boxd.it/2aqc
2021-01-14,Schindler's List,1993,https://boxd.it/2aq2
2021-01-14,Planet of the Apes,1968,https://boxd.it/29p8
2021-01-14,Back to the Planet of the Apes,1980,https://boxd.it/cV4i
2021-01-14,Rise of the Planet of the Apes,2011,https://boxd.it/cS4
2021-01-14,Dawn of the Planet of the Apes,2014,https://boxd.it/3XyQ
2021-01-14,War for the Planet of the Apes,2017,https://boxd.it/8FE2
2021-01-14,Jurassic Park,1993,https://boxd.it/2aA2
2021-01-14,Terra Nova,1999,https://boxd.it/8a6e
2021-01-14,Contagion,2011,https://boxd.it/13rq
2021-01-14,K-PAX,2001,https://boxd.it/2aYo
2021-01-14,Phenomenon,1996,https://boxd.it/1Z2I
2021-01-14,Arrival,2016,https://boxd.it/aNGk
2021-01-14,The Tigger Movie,2000,https://boxd.it/1LO4
2021-01-14,Close Encounters of the Third Kind,1977,https://boxd.it/29u8
2021-01-14,Epoch,2001,https://boxd.it/1Ee4
2021-01-14,Blade Runner,1982,https://boxd.it/2bcA
2021-01-14,The Matrix,1999,https://boxd.it/2a1m
2021-01-14,The Matrix Reloaded,2003,https://boxd.it/2a1c
2021-01-14,The Matrix Revolutions,2003,https://boxd.it/2a12
2021-01-14,2001: A Space Odyssey,1968,https://boxd.it/2bf0
2021-01-14,"I, Robot",2004,https://boxd.it/27y8
2021-01-14,Demolition Man,1993,https://boxd.it/1XVm
2021-01-14,Waterworld,1995,https://boxd.it/1XLG
2021-01-14,Postman,1995,https://boxd.it/70bm
2021-01-14,Gattaca,1997,https://boxd.it/29Du
2021-01-14,Sphere,1998,https://boxd.it/1WXm
2021-01-14,Supernova,2000,https://boxd.it/1WoQ
2021-01-14,Solaris,2002,https://boxd.it/27qS
2021-01-14,Mission to Mars,2000,https://boxd.it/27w2
2021-01-14,Doppelgänger,1969,https://boxd.it/11OM
2021-01-14,Children of Men,2006,https://boxd.it/1Y2i
2021-01-14,Dungeons & Dragons,2000,https://boxd.it/1SWu
2021-01-14,The Hobbit: An Unexpected Journey,2012,https://boxd.it/GZk
2021-01-14,The Lord of the Rings: The Fellowship of the Ring,2001,https://boxd.it/2b5O
2021-01-14,Game of Thrones - Conquest & Rebellion: An Animated History of the Seven Kingdoms,2017,https://boxd.it/hKwg
2021-01-14,Dune Series,,https://boxd.it/vuU
2021-01-14,Mohalla Assi,2018,https://boxd.it/c45W
2021-01-14,Life of Pi,2012,https://boxd.it/37pC
2021-01-14,The Legend of Bagger Vance,2000,https://boxd.it/23zQ
2021-01-14,East Side Sushi,2014,https://boxd.it/7AUW
2021-01-14,Philadelphia,1993,https://boxd.it/1XMk
2021-01-14,Under Suspicion,2000,https://boxd.it/1VX6
2021-01-14,The Untouchables,1987,https://boxd.it/2b6i
2021-01-14,Sholay,1975,https://boxd.it/1Saq
2021-01-14,Don,2006,https://boxd.it/1IAI
2021-01-14,Old Boys,2010,https://boxd.it/30W
2021-01-14,The Freshman,1990,https://boxd.it/1WUW
2021-01-14,The Godfather,1972,https://boxd.it/2aNK
2021-01-14,GoodFellas,1990,https://boxd.it/29FA
2021-01-14,Road to Perdition,2002,https://boxd.it/24Lo
2021-01-14,Capone,1975,https://boxd.it/1Grk
2021-01-14,Samurai Rebellion,1967,https://boxd.it/2loc
2021-01-14,Mirzapur on Prime,2020,https://boxd.it/stSm
2021-01-14,Caught,1996,https://boxd.it/La2
2021-01-14,The Graduate,1967,https://boxd.it/18Im
2021-01-14,Forrest Gump,1994,https://boxd.it/728
2021-01-14,Citizen Kane,1941,https://boxd.it/71O
2021-01-14,It's a Wonderful Life,1946,https://boxd.it/28xA
2021-01-14,Rashomon,1950,https://boxd.it/2a9K
2021-01-14,The Truman Show,1998,https://boxd.it/18U8
2021-01-14,Mystic River,2003,https://boxd.it/2aAG
2021-01-14,Scent of a Woman,1992,https://boxd.it/1YAu
2021-01-14,The Pagan Queen,2009,https://boxd.it/Mzs
2021-01-14,The Breadwinner,2017,https://boxd.it/frLs
2021-01-14,Ghost Dog: The Way of the Samurai,1999,https://boxd.it/23Ne
2021-01-14,A Life Apart: Hasidism in America,1998,https://boxd.it/1DK4
2021-01-14,Thithi,2015,https://boxd.it/c2cc
2021-01-14,Fight Club,1999,https://boxd.it/2a9q
2021-01-14,Black Panther,2018,https://boxd.it/8MHs
2021-01-14,Bicycle Thieves,1948,https://boxd.it/23hW
2021-01-14,The Man from Earth,2007,https://boxd.it/1Ql2
2021-01-14,The PHD movie,2011,https://boxd.it/2BBc
2021-01-14,Violent Cop,1989,https://boxd.it/1Rym
2021-01-14,Mr. Smith Goes to Washington,1939,https://boxd.it/25Ms
2021-01-14,American Beauty,1999,https://boxd.it/71Y
2021-01-14,Requiem for a Dream,2000,https://boxd.it/29VI
2021-01-14,Mississippi Masala,1991,https://boxd.it/Ywg
2021-01-14,Gone with the Wind,1939,https://boxd.it/29Fq
2021-01-14,Lost in Translation,2003,https://boxd.it/2b0E
2021-01-14,The Grinch,2018,https://boxd.it/chpK
2021-01-14,Chocolat,2000,https://boxd.it/2aue
2021-01-14,Sankarabharanam,1979,https://boxd.it/1lZq
2021-01-14,Saptapadi,1981,https://boxd.it/e8G2
2021-01-14,Swarnakamalam,1988,https://boxd.it/2U00
2021-01-14,Hamsageethe,1975,https://boxd.it/93hQ
2021-01-14,Ananda Bhairavi,1983,https://boxd.it/oHmQ
2021-01-14,Paithrukam,1992,https://boxd.it/5RAg
2021-01-14,Lagaan: Once Upon a Time in India,2001,https://boxd.it/1EII
2021-01-14,Rang De Basanti,2006,https://boxd.it/20KG
2021-01-14,Two Eyes Twelve Hands,1957,https://boxd.it/2o40
2021-01-14,Haré Rama Haré Krishna,1971,https://boxd.it/3OQG
2021-01-14,Magnolia,1999,https://boxd.it/2aze
2021-01-14,Rebel Without a Cause,1955,https://boxd.it/2aQu
2021-01-14,The Help,2011,https://boxd.it/EDm
2021-01-14,The Kite Runner,2007,https://boxd.it/20IK
2021-01-14,Crocodile Dundee,1986,https://boxd.it/1Y5Q
2021-01-14,"Tlalocan, Under The City Of Gods",,https://boxd.it/lysa
2021-01-14,12 Angry Men,1957,https://boxd.it/2auI
2021-01-14,Django Unchained,2012,https://boxd.it/2cCk
2021-01-14,Being There,1979,https://boxd.it/1WxS
2021-01-14,The Book Thief,2013,https://boxd.it/67wO
2021-01-14,The Big Lebowski,1998,https://boxd.it/2b6C
2021-01-14,The Seventh Seal,1957,https://boxd.it/2ahO
2021-01-14,V for Vendetta,2005,https://boxd.it/29Ik
2021-01-14,Brazil,1985,https://boxd.it/2be2
2021-01-14,A Clockwork Orange,1971,https://boxd.it/2aVE
2021-01-14,Total Recall,2012,https://boxd.it/Ro
2021-01-14,The Manchurian Candidate,2004,https://boxd.it/1O2M
2021-01-14,One Flew Over the Cuckoo's Nest,1975,https://boxd.it/2aeA
2021-01-14,The Bourne Supremacy,2004,https://boxd.it/26EE
2021-01-14,The Bourne Ultimatum,2007,https://boxd.it/26Eu
2021-01-14,Fahrenheit 9/11,2004,https://boxd.it/28a2
2021-01-14,Sicko,2007,https://boxd.it/26Sm
2021-01-14,Khosla Ka Ghosla!,2006,https://boxd.it/1Mie
2021-01-14,Othello,1951,https://boxd.it/K5A
2021-01-14,Hamlet,1996,https://boxd.it/1VZc
2021-01-14,Fiddler on the Roof,1971,https://boxd.it/1Nle
2021-01-14,Dances with Wolves,1990,https://boxd.it/2a4K
2021-01-14,The Last of the Mohicans,1992,https://boxd.it/1YSo
2021-01-14,Seven Years in Tibet,1997,https://boxd.it/29aC
2021-01-14,Xuan Zang,2016,https://boxd.it/ebIq
2021-01-14,Tanhaji: The Unsung Warrior,2020,https://boxd.it/lwf4
2021-01-14,Hirkani,2019,https://boxd.it/ogky
2021-01-14,Panipat,2019,https://boxd.it/ldjw
2021-01-14,You've Got Mail,1998,https://boxd.it/1Yye
2021-01-14,Titanic,1997,https://boxd.it/2a2k
2021-01-14,The Guru,2002,https://boxd.it/1ZlK
2021-01-14,The Fourth Protocol,1987,https://boxd.it/23FE
2021-01-14,For Richer or Poorer,1997,https://boxd.it/1WqM
2021-01-14,Hum Aapke Hain Koun..!,1994,https://boxd.it/NiC
2021-01-14,Amar Akbar Anthony,1977,https://boxd.it/16Xa
2021-01-14,Beladingala baale,1995,https://boxd.it/ewu0
2021-01-14,Godhi Banna Sadharana Mykattu,2016,https://boxd.it/e8aA
2021-01-14,Ondu Motteya Kathe,2017,https://boxd.it/h2iE
2021-01-14,Delivery Man,2013,https://boxd.it/4E5M
2021-01-14,Mortuary,2005,https://boxd.it/1OvE
2021-01-14,Casablanca,1942,https://boxd.it/2aG0
2021-01-14,The Sound of Music,1965,https://boxd.it/1MLK
2021-01-14,Evelyn,2002,https://boxd.it/2lwA
2021-01-14,Life as a House,2001,https://boxd.it/1TO2
2021-01-14,Eternal Sunshine of the Spotless Mind,2004,https://boxd.it/6YK
2021-01-14,The Great Passage,2016,https://boxd.it/slI4
2021-01-14,Borat: Cultural Learnings of America for Make Benefit Glorious Nation of Kazakhstan,2006,https://boxd.it/2agQ
2021-01-14,The Dictator,2012,https://boxd.it/2DEW
2021-01-14,Asterix the Gaul,1967,https://boxd.it/1ULS
2021-01-14,Tintin and the Temple of the Sun,1969,https://boxd.it/75yg
2021-01-14,Shrek,2001,https://boxd.it/29zi
2021-01-14,Beverly Hills Ninja,1997,https://boxd.it/1Ydg
2021-01-14,The Cable Guy,1996,https://boxd.it/1XAI
2021-01-14,The Ladykillers,2004,https://boxd.it/22Z4
2021-01-14,Big Momma's House,2000,https://boxd.it/1YgO
2021-01-14,Ace Ventura: When Nature Calls,1995,https://boxd.it/1Z66
2021-01-14,Sgt. Bilko,1996,https://boxd.it/1Zas
2021-01-14,The Naked Gun: From the Files of Police Squad!,1988,https://boxd.it/18YE
2021-01-14,The Gods Must Be Funny in China,1994,https://boxd.it/47j2
2021-01-14,¡Three Amigos!,1986,https://boxd.it/20f4
2021-01-14,Men in Black,1997,https://boxd.it/2a0I
2021-01-14,Men in Black II,2002,https://boxd.it/2a0y
2021-01-14,I Spy,2002,https://boxd.it/20aS
2021-01-14,Bean,1997,https://boxd.it/28WA
2021-01-14,Mars Attacks!,1996,https://boxd.it/2bd4
2021-01-14,Harold & Kumar Go to White Castle,2004,https://boxd.it/1Ueu
2021-01-14,Jo Bole So Nihaal,2005,https://boxd.it/fUcG
2021-01-14,Stop! Or My Mom Will Shoot,1992,https://boxd.it/1XDs
2021-01-14,The Blues Brothers,1980,https://boxd.it/2adi
2021-01-14,Galaxy Quest,1999,https://boxd.it/29gq
2021-01-14,Bewitched,2005,https://boxd.it/1XXW
2021-01-14,I Dream of Jeannie,,https://boxd.it/6ka2
2021-01-14,Popeye the Sailor,1933,https://boxd.it/4DoS
2021-01-14,Get a Horse!,2013,https://boxd.it/6U4E
2021-01-14,Donald Duck and the Gorilla,1944,https://boxd.it/ubi
2021-01-14,Frasier the Lovable Lion,1973,https://boxd.it/6Scm
2021-01-14,The Three Stooges,2012,https://boxd.it/2DFA
2021-01-14,Sons of the Desert,1933,https://boxd.it/VdA
2021-01-14,Carry On Doctor,1967,https://boxd.it/23oI
2021-01-14,Playboy: Women of Fear Factor,2005,https://boxd.it/6mvm
2021-01-14,Takeshi's Castle Vol. 1,2009,https://boxd.it/sd6m
2021-01-14,Toy Story 2,1999,https://boxd.it/29qq
2021-01-14,The Gods Must Be Crazy II,1989,https://boxd.it/1SJ6
2021-01-14,Harry Potter and the Philosopher's Stone,2001,https://boxd.it/29QS
2021-01-14,Harry Potter and the Prisoner of Azkaban,2004,https://boxd.it/29Qy
2021-01-14,Harry Potter and the Goblet of Fire,2005,https://boxd.it/29Qo
2021-01-14,Harry Potter and the Order of the Phoenix,2007,https://boxd.it/29Qe
2021-01-14,Harry Potter and the Deathly Hallows: Part 2,2011,https://boxd.it/1RYk
2021-01-14,Pirates of the Caribbean: Dead Man's Chest,2006,https://boxd.it/2bfk
2021-01-14,Pirates of the Caribbean: At World's End,2007,https://boxd.it/2aGu
2021-01-14,Back to the Future Part II,1989,https://boxd.it/2aYI
2021-01-14,Back to the Future Part III,1990,https://boxd.it/2aTS
2021-01-14,Bill & Ted's Bogus Journey,1991,https://boxd.it/28oy
2021-01-14,Blade II,2002,https://boxd.it/1agO
2021-01-14,Blade: Trinity,2004,https://boxd.it/1a8q
2021-01-14,Rambo: First Blood Part II,1985,https://boxd.it/28TQ
2021-01-14,Rambo III,1988,https://boxd.it/28TG
2021-01-14,Rocky II,1979,https://boxd.it/28Ua
2021-01-14,Rocky Balboa,2006,https://boxd.it/291q
2021-01-14,The Mummy Returns,2001,https://boxd.it/28cs
2021-01-14,Tremors 2: Aftershocks,1996,https://boxd.it/1UIk
2021-01-14,Return of the Jedi,1983,https://boxd.it/27Vm
2021-01-14,Star Wars: Episode I - The Phantom Menace,1999,https://boxd.it/27Vc
2021-01-14,Star Wars: Episode II - Attack of the Clones,2002,https://boxd.it/27V2
2021-01-14,Star Wars: Episode III - Revenge of the Sith,2005,https://boxd.it/27US
2021-01-14,Kill Bill: Vol. 2,2004,https://boxd.it/2au4
2021-01-14,The Lost World: Jurassic Park,1997,https://boxd.it/2azS
2021-01-14,Samurai II: Duel at Ichijoji Temple,1955,https://boxd.it/1jf6
2021-01-14,Samurai III: Duel at Ganryu Island,1956,https://boxd.it/1jeM
2021-01-14,Shrek 2,2004,https://boxd.it/29z8
2021-01-14,The Godfather: Part II,1974,https://boxd.it/2aNq
2021-01-14,The Godfather: Part III,1990,https://boxd.it/2aN6
